{
  "project_info": {
    "project_id": "onlineorderapp-1c588",
    "project_number": "815958467415",
    "name": "OnlineOrderApp"
  },
  "client": [
    {
      "client_info": {
        "mobilesdk_app_id": "1:815958467415:android:f6f501004d079e3e",
        "client_id": "android:com.example.shan.onlineorderapp",
        "client_type": 1,
        "android_client_info": {
          "package_name": "com.example.shan.onlineorderapp",
          "certificate_hash": []
        }
      },
      "oauth_client": [
        {
          "client_id": "815958467415-hbesfk295hefn2e3409jdt8b2818bc3i.apps.googleusercontent.com",
          "client_type": 1,
          "android_info": {
            "package_name": "com.example.shan.onlineorderapp",
            "certificate_hash": "AF90BF3875F6E499CAD7671906E45DF79A4DE2E6"
          }
        },
        {
          "client_id": "815958467415-3mtfpqcqd813dev5q8ki446phjijgdk3.apps.googleusercontent.com",
          "client_type": 3
        }
      ],
      "api_key": [],
      "services": {
        "analytics_service": {
          "status": 1
        },
        "cloud_messaging_service": {
          "status": 1,
          "apns_config": []
        },
        "appinvite_service": {
          "status": 1,
          "other_platform_oauth_client": []
        },
        "google_signin_service": {
          "status": 2
        },
        "ads_service": {
          "status": 1
        }
      }
    }
  ],
  "client_info": [],
  "ARTIFACT_VERSION": "1"
}